Time,Device name,Chip Time(),Angle X(°)
 12:13:35.871,fe:77:90:13:0e:6b, 2015-01-01 00:06:45.265, 4.691,
 12:13:35.874,cd:75:20:e1:ef:ef, 2015-01-01 00:06:39.065, 2.252,
 12:13:35.962,fe:77:90:13:0e:6b, 2015-01-01 00:06:45.265, 4.625,
 12:13:35.964,cd:75:20:e1:ef:ef, 2015-01-01 00:06:39.065, 2.225,
 12:13:36.053,fe:77:90:13:0e:6b, 2015-01-01 00:06:45.265, 4.559,
 12:13:36.084,cd:75:20:e1:ef:ef, 2015-01-01 00:06:39.065, 2.225,
 12:13:36.171,fe:77:90:13:0e:6b, 2015-01-01 00:06:45.620, 4.482,
 12:13:36.174,cd:75:20:e1:ef:ef, 2015-01-01 00:06:39.545, 2.252,
 12:13:36.262,fe:77:90:13:0e:6b, 2015-01-01 00:06:45.620, 4.411,
 12:13:36.293,cd:75:20:e1:ef:ef, 2015-01-01 00:06:39.545, 2.115,
 12:13:36.355,cd:75:20:e1:ef:ef, 2015-01-01 00:06:39.545, 2.109,
 12:13:36.382,fe:77:90:13:0e:6b, 2015-01-01 00:06:45.620, 4.34,
 12:13:36.442,fe:77:90:13:0e:6b, 2015-01-01 00:06:45.620, 4.274,
 12:13:36.474,cd:75:20:e1:ef:ef, 2015-01-01 00:06:39.545, 2.104,
 12:13:36.564,cd:75:20:e1:ef:ef, 2015-01-01 00:06:39.930, 1.923,
 12:13:36.592,fe:77:90:13:0e:6b, 2015-01-01 00:06:45.980, 4.208,
 12:13:36.652,fe:77:90:13:0e:6b, 2015-01-01 00:06:45.980, 4.136,
 12:13:36.715,cd:75:20:e1:ef:ef, 2015-01-01 00:06:39.930, 1.868,
 12:13:36.774,fe:77:90:13:0e:6b, 2015-01-01 00:06:45.980, 4.07,
 12:13:36.775,cd:75:20:e1:ef:ef, 2015-01-01 00:06:39.930, 1.857,
 12:13:36.863,fe:77:90:13:0e:6b, 2015-01-01 00:06:46.365, 4.005,
 12:13:36.900,cd:75:20:e1:ef:ef, 2015-01-01 00:06:39.930, 1.846,
 12:13:36.983,fe:77:90:13:0e:6b, 2015-01-01 00:06:46.365, 3.944,
 12:13:36.985,cd:75:20:e1:ef:ef, 2015-01-01 00:06:40.320, 1.835,
 12:13:37.072,fe:77:90:13:0e:6b, 2015-01-01 00:06:46.365, 3.895,
 12:13:37.105,cd:75:20:e1:ef:ef, 2015-01-01 00:06:40.320, 1.824,
 12:13:37.164,cd:75:20:e1:ef:ef, 2015-01-01 00:06:40.320, 1.807,
 12:13:37.193,fe:77:90:13:0e:6b, 2015-01-01 00:06:46.365, 3.845,
 12:13:37.252,fe:77:90:13:0e:6b, 2015-01-01 00:06:46.725, 3.807,
 12:13:37.287,cd:75:20:e1:ef:ef, 2015-01-01 00:06:40.320, 1.78,
 12:13:37.372,fe:77:90:13:0e:6b, 2015-01-01 00:06:46.725, 3.768,
 12:13:37.373,cd:75:20:e1:ef:ef, 2015-01-01 00:06:40.705, 1.785,
 12:13:37.464,fe:77:90:13:0e:6b, 2015-01-01 00:06:46.725, 3.735,
 12:13:37.524,cd:75:20:e1:ef:ef, 2015-01-01 00:06:40.705, 1.763,
 12:13:37.582,fe:77:90:13:0e:6b, 2015-01-01 00:06:47.080, 3.702,
 12:13:37.585,cd:75:20:e1:ef:ef, 2015-01-01 00:06:40.705, 1.752,
 12:13:37.672,fe:77:90:13:0e:6b, 2015-01-01 00:06:47.080, 3.68,
 12:13:37.705,cd:75:20:e1:ef:ef, 2015-01-01 00:06:40.705, 1.758,
 12:13:37.765,cd:75:20:e1:ef:ef, 2015-01-01 00:06:41.125, 1.697,
 12:13:37.792,fe:77:90:13:0e:6b, 2015-01-01 00:06:47.080, 3.51,
 12:13:37.852,fe:77:90:13:0e:6b, 2015-01-01 00:06:47.080, 2.681,
 12:13:37.885,cd:75:20:e1:ef:ef, 2015-01-01 00:06:41.125, 1.686,
 12:13:37.973,fe:77:90:13:0e:6b, 2015-01-01 00:06:47.080, 1.747,
 12:13:37.974,cd:75:20:e1:ef:ef, 2015-01-01 00:06:41.125, 1.675,
 12:13:38.061,fe:77:90:13:0e:6b, 2015-01-01 00:06:47.500, 0.632,
 12:13:38.093,cd:75:20:e1:ef:ef, 2015-01-01 00:06:41.480, 1.659,
 12:13:38.183,cd:75:20:e1:ef:ef, 2015-01-01 00:06:41.480, 1.637,
 12:13:38.211,fe:77:90:13:0e:6b, 2015-01-01 00:06:47.500, -1.033,
 12:13:38.272,fe:77:90:13:0e:6b, 2015-01-01 00:06:47.500, -2.966,
 12:13:38.304,cd:75:20:e1:ef:ef, 2015-01-01 00:06:41.480, 1.609,
 12:13:38.364,cd:75:20:e1:ef:ef, 2015-01-01 00:06:41.480, 1.577,
 12:13:38.392,fe:77:90:13:0e:6b, 2015-01-01 00:06:47.500, -5.246,
 12:13:38.482,fe:77:90:13:0e:6b, 2015-01-01 00:06:47.885, -7.306,
 12:13:38.514,cd:75:20:e1:ef:ef, 2015-01-01 00:06:41.480, 1.555,
 12:13:38.575,cd:75:20:e1:ef:ef, 2015-01-01 00:06:41.895, 1.533,
 12:13:38.601,fe:77:90:13:0e:6b, 2015-01-01 00:06:47.885, -9.465,
 12:13:38.662,fe:77:90:13:0e:6b, 2015-01-01 00:06:47.885, -11.964,
 12:13:38.694,cd:75:20:e1:ef:ef, 2015-01-01 00:06:41.895, 1.511,
 12:13:38.782,fe:77:90:13:0e:6b, 2015-01-01 00:06:47.885, -14.766,
 12:13:38.784,cd:75:20:e1:ef:ef, 2015-01-01 00:06:41.895, 1.406,
 12:13:38.872,fe:77:90:13:0e:6b, 2015-01-01 00:06:48.300, -16.908,
 12:13:38.904,cd:75:20:e1:ef:ef, 2015-01-01 00:06:42.285, 1.274,
 12:13:38.992,fe:77:90:13:0e:6b, 2015-01-01 00:06:48.300, -18.517,
 12:13:38.995,cd:75:20:e1:ef:ef, 2015-01-01 00:06:42.285, 1.247,
 12:13:39.084,fe:77:90:13:0e:6b, 2015-01-01 00:06:48.300, -20.38,
 12:13:39.116,cd:75:20:e1:ef:ef, 2015-01-01 00:06:42.285, 1.263,
 12:13:39.202,fe:77:90:13:0e:6b, 2015-01-01 00:06:48.660, -23.033,
 12:13:39.204,cd:75:20:e1:ef:ef, 2015-01-01 00:06:42.285, 1.219,
 12:13:39.293,fe:77:90:13:0e:6b, 2015-01-01 00:06:48.660, -25.269,
 12:13:39.296,cd:75:20:e1:ef:ef, 2015-01-01 00:06:42.285, 0.912,
 12:13:39.383,cd:75:20:e1:ef:ef, 2015-01-01 00:06:42.700, 0.615,
 12:13:39.442,fe:77:90:13:0e:6b, 2015-01-01 00:06:48.660, -27.372,
 12:13:39.502,fe:77:90:13:0e:6b, 2015-01-01 00:06:48.660, -28.806,
 12:13:39.504,cd:75:20:e1:ef:ef, 2015-01-01 00:06:42.700, 0.269,
 12:13:39.596,cd:75:20:e1:ef:ef, 2015-01-01 00:06:42.700, 0.049,
 12:13:39.621,fe:77:90:13:0e:6b, 2015-01-01 00:06:48.660, -30.311,
 12:13:39.682,fe:77:90:13:0e:6b, 2015-01-01 00:06:49.105, -32.437,
 12:13:39.714,cd:75:20:e1:ef:ef, 2015-01-01 00:06:43.060, -0.06,
 12:13:39.801,fe:77:90:13:0e:6b, 2015-01-01 00:06:49.105, -34.36,
 12:13:39.803,cd:75:20:e1:ef:ef, 2015-01-01 00:06:43.060, -0.159,
 12:13:39.893,fe:77:90:13:0e:6b, 2015-01-01 00:06:49.105, -35.711,
 12:13:39.923,cd:75:20:e1:ef:ef, 2015-01-01 00:06:43.060, -0.187,
 12:13:39.986,cd:75:20:e1:ef:ef, 2015-01-01 00:06:43.060, -0.214,
 12:13:40.027,fe:77:90:13:0e:6b, 2015-01-01 00:06:49.465, -37.068,
 12:13:40.075,fe:77:90:13:0e:6b, 2015-01-01 00:06:49.465, -38.875,
 12:13:40.135,cd:75:20:e1:ef:ef, 2015-01-01 00:06:43.385, -0.324,
 12:13:40.193,fe:77:90:13:0e:6b, 2015-01-01 00:06:49.465, -40.496,
 12:13:40.225,cd:75:20:e1:ef:ef, 2015-01-01 00:06:43.385, -0.346,
 12:13:40.282,fe:77:90:13:0e:6b, 2015-01-01 00:06:49.465, -41.594,
 12:13:40.315,cd:75:20:e1:ef:ef, 2015-01-01 00:06:43.385, -0.489,
 12:13:40.402,fe:77:90:13:0e:6b, 2015-01-01 00:06:49.880, -42.869,
 12:13:40.406,cd:75:20:e1:ef:ef, 2015-01-01 00:06:43.745, -0.555,
 12:13:40.492,fe:77:90:13:0e:6b, 2015-01-01 00:06:49.880, -44.297,
 12:13:40.525,cd:75:20:e1:ef:ef, 2015-01-01 00:06:43.745, -0.445,
 12:13:40.586,cd:75:20:e1:ef:ef, 2015-01-01 00:06:43.745, -0.456,
 12:13:40.613,fe:77:90:13:0e:6b, 2015-01-01 00:06:49.880, -45.621,
 12:13:40.672,fe:77:90:13:0e:6b, 2015-01-01 00:06:49.880, -46.857,
 12:13:40.706,cd:75:20:e1:ef:ef, 2015-01-01 00:06:43.745, -0.555,
 12:13:40.792,fe:77:90:13:0e:6b, 2015-01-01 00:06:49.880, -48.318,
 12:13:40.793,cd:75:20:e1:ef:ef, 2015-01-01 00:06:44.100, -0.478,
 12:13:40.881,fe:77:90:13:0e:6b, 2015-01-01 00:06:50.300, -49.153,
 12:13:40.913,cd:75:20:e1:ef:ef, 2015-01-01 00:06:44.100, -0.434,
 12:13:41.002,fe:77:90:13:0e:6b, 2015-01-01 00:06:50.300, -49.466,
 12:13:41.005,cd:75:20:e1:ef:ef, 2015-01-01 00:06:44.100, -0.593,
 12:13:41.092,fe:77:90:13:0e:6b, 2015-01-01 00:06:50.300, -50.993,
 12:13:41.125,cd:75:20:e1:ef:ef, 2015-01-01 00:06:44.460, -0.615,
 12:13:41.213,fe:77:90:13:0e:6b, 2015-01-01 00:06:50.685, -50.889,
 12:13:41.215,cd:75:20:e1:ef:ef, 2015-01-01 00:06:44.460, -0.637,
 12:13:41.302,fe:77:90:13:0e:6b, 2015-01-01 00:06:50.685, -51.246,
 12:13:41.337,cd:75:20:e1:ef:ef, 2015-01-01 00:06:44.460, -0.615,
 12:13:41.397,cd:75:20:e1:ef:ef, 2015-01-01 00:06:44.460, -0.599,
 12:13:41.422,fe:77:90:13:0e:6b, 2015-01-01 00:06:50.685, -51.548,
 12:13:41.481,fe:77:90:13:0e:6b, 2015-01-01 00:06:50.685, -51.328,
 12:13:41.514,cd:75:20:e1:ef:ef, 2015-01-01 00:06:44.785, -0.566,
 12:13:41.605,cd:75:20:e1:ef:ef, 2015-01-01 00:06:44.785, -0.588,
 12:13:41.605,fe:77:90:13:0e:6b, 2015-01-01 00:06:50.685, -51.608,
 12:13:41.692,fe:77:90:13:0e:6b, 2015-01-01 00:06:51.100, -51.608,
 12:13:41.725,cd:75:20:e1:ef:ef, 2015-01-01 00:06:44.785, -0.593,
 12:13:41.811,fe:77:90:13:0e:6b, 2015-01-01 00:06:51.100, -51.52,
 12:13:41.817,cd:75:20:e1:ef:ef, 2015-01-01 00:06:44.785, -0.566,
 12:13:41.932,fe:77:90:13:0e:6b, 2015-01-01 00:06:51.100, -51.625,
 12:13:41.933,cd:75:20:e1:ef:ef, 2015-01-01 00:06:45.205, -0.5,
 12:13:41.994,cd:75:20:e1:ef:ef, 2015-01-01 00:06:45.205, -0.483,
 12:13:42.023,fe:77:90:13:0e:6b, 2015-01-01 00:06:51.100, -51.454,
 12:13:42.111,fe:77:90:13:0e:6b, 2015-01-01 00:06:51.490, -51.592,
 12:13:42.114,cd:75:20:e1:ef:ef, 2015-01-01 00:06:45.205, -0.516,
 12:13:42.204,cd:75:20:e1:ef:ef, 2015-01-01 00:06:45.205, -0.577,
 12:13:42.232,fe:77:90:13:0e:6b, 2015-01-01 00:06:51.490, -51.768,
 12:13:42.293,fe:77:90:13:0e:6b, 2015-01-01 00:06:51.490, -51.954,
 12:13:42.324,cd:75:20:e1:ef:ef, 2015-01-01 00:06:45.620, -0.61,
 12:13:42.415,cd:75:20:e1:ef:ef, 2015-01-01 00:06:45.620, -0.67,
 12:13:42.415,fe:77:90:13:0e:6b, 2015-01-01 00:06:51.490, -51.943,
 12:13:42.503,fe:77:90:13:0e:6b, 2015-01-01 00:06:51.905, -50.625,
 12:13:42.536,cd:75:20:e1:ef:ef, 2015-01-01 00:06:45.620, -0.703,
 12:13:42.596,cd:75:20:e1:ef:ef, 2015-01-01 00:06:45.620, -0.72,
 12:13:42.622,fe:77:90:13:0e:6b, 2015-01-01 00:06:51.905, -47.494,
 12:13:42.714,fe:77:90:13:0e:6b, 2015-01-01 00:06:51.905, -42.457,
 12:13:42.744,cd:75:20:e1:ef:ef, 2015-01-01 00:06:45.980, -0.582,
 12:13:42.831,fe:77:90:13:0e:6b, 2015-01-01 00:06:52.265, -38.32,
 12:13:42.834,cd:75:20:e1:ef:ef, 2015-01-01 00:06:45.980, -0.214,
 12:13:42.892,fe:77:90:13:0e:6b, 2015-01-01 00:06:52.265, -34.349,
 12:13:42.925,cd:75:20:e1:ef:ef, 2015-01-01 00:06:45.980, 0.115,
 12:13:43.012,fe:77:90:13:0e:6b, 2015-01-01 00:06:52.265, -29.669,
 12:13:43.014,cd:75:20:e1:ef:ef, 2015-01-01 00:06:45.980, 0.313,
 12:13:43.101,fe:77:90:13:0e:6b, 2015-01-01 00:06:52.265, -23.648,
 12:13:43.133,cd:75:20:e1:ef:ef, 2015-01-01 00:06:46.485, 0.385,
 12:13:43.221,fe:77:90:13:0e:6b, 2015-01-01 00:06:52.265, -17.748,
 12:13:43.224,cd:75:20:e1:ef:ef, 2015-01-01 00:06:46.485, 0.544,
 12:13:43.312,fe:77:90:13:0e:6b, 2015-01-01 00:06:52.265, -12.42,
 12:13:43.345,cd:75:20:e1:ef:ef, 2015-01-01 00:06:46.485, 0.72,
 12:13:43.405,cd:75:20:e1:ef:ef, 2015-01-01 00:06:46.485, 0.873,
 12:13:43.432,fe:77:90:13:0e:6b, 2015-01-01 00:06:52.800, -7.795,
 12:13:43.522,fe:77:90:13:0e:6b, 2015-01-01 00:06:52.800, -3.917,
 12:13:43.553,cd:75:20:e1:ef:ef, 2015-01-01 00:06:46.485, 0.95,
 12:13:43.613,fe:77:90:13:0e:6b, 2015-01-01 00:06:52.800, -0.725,
 12:13:43.614,cd:75:20:e1:ef:ef, 2015-01-01 00:06:46.900, 0.901,
 12:13:43.701,fe:77:90:13:0e:6b, 2015-01-01 00:06:53.160, 2.379,
 12:13:43.733,cd:75:20:e1:ef:ef, 2015-01-01 00:06:46.900, 0.698,
 12:13:43.821,fe:77:90:13:0e:6b, 2015-01-01 00:06:53.160, 5.389,
 12:13:43.824,cd:75:20:e1:ef:ef, 2015-01-01 00:06:46.900, 0.533,
 12:13:43.912,fe:77:90:13:0e:6b, 2015-01-01 00:06:53.160, 7.443,
 12:13:43.943,cd:75:20:e1:ef:ef, 2015-01-01 00:06:47.260, 0.489,
 12:13:44.033,fe:77:90:13:0e:6b, 2015-01-01 00:06:53.485, 9.212,
 12:13:44.034,cd:75:20:e1:ef:ef, 2015-01-01 00:06:47.260, 0.445,
 12:13:44.121,fe:77:90:13:0e:6b, 2015-01-01 00:06:53.485, 11.288,
 12:13:44.184,cd:75:20:e1:ef:ef, 2015-01-01 00:06:47.260, 0.286,
 12:13:44.214,cd:75:20:e1:ef:ef, 2015-01-01 00:06:47.260, 0.28,
 12:13:44.242,fe:77:90:13:0e:6b, 2015-01-01 00:06:53.485, 13.112,
 12:13:44.303,fe:77:90:13:0e:6b, 2015-01-01 00:06:53.485, 14.09,
 12:13:44.334,cd:75:20:e1:ef:ef, 2015-01-01 00:06:47.615, 0.269,
 12:13:44.421,fe:77:90:13:0e:6b, 2015-01-01 00:06:53.845, 14.854,
 12:13:44.454,cd:75:20:e1:ef:ef, 2015-01-01 00:06:47.615, 0.264,
 12:13:44.511,fe:77:90:13:0e:6b, 2015-01-01 00:06:53.845, 15.189,
 12:13:44.545,cd:75:20:e1:ef:ef, 2015-01-01 00:06:47.615, 0.275,
 12:13:44.631,fe:77:90:13:0e:6b, 2015-01-01 00:06:53.845, 15.106,
 12:13:44.634,cd:75:20:e1:ef:ef, 2015-01-01 00:06:47.615, 0.401,
 12:13:44.722,fe:77:90:13:0e:6b, 2015-01-01 00:06:53.845, 14.002,
 12:13:44.754,cd:75:20:e1:ef:ef, 2015-01-01 00:06:48.035, 0.489,
 12:13:44.814,cd:75:20:e1:ef:ef, 2015-01-01 00:06:48.035, 0.549,
 12:13:44.871,fe:77:90:13:0e:6b, 2015-01-01 00:06:54.230, 14.145,
 12:13:44.902,fe:77:90:13:0e:6b, 2015-01-01 00:06:54.230, 14.057,
 12:13:44.964,cd:75:20:e1:ef:ef, 2015-01-01 00:06:48.035, 0.61,
 12:13:45.023,fe:77:90:13:0e:6b, 2015-01-01 00:06:54.230, 13.771,
 12:13:45.025,cd:75:20:e1:ef:ef, 2015-01-01 00:06:48.035, 0.643,
 12:13:45.111,fe:77:90:13:0e:6b, 2015-01-01 00:06:54.560, 13.826,
 12:13:45.144,cd:75:20:e1:ef:ef, 2015-01-01 00:06:48.420, 0.555,
 12:13:45.231,fe:77:90:13:0e:6b, 2015-01-01 00:06:54.560, 13.793,
 12:13:45.235,cd:75:20:e1:ef:ef, 2015-01-01 00:06:48.420, 0.439,
 12:13:45.322,fe:77:90:13:0e:6b, 2015-01-01 00:06:54.560, 13.376,
 12:13:45.354,cd:75:20:e1:ef:ef, 2015-01-01 00:06:48.420, 0.308,
 12:13:45.444,fe:77:90:13:0e:6b, 2015-01-01 00:06:54.560, 12.667,
 12:13:45.444,cd:75:20:e1:ef:ef, 2015-01-01 00:06:48.420, 0.192,
 12:13:45.531,fe:77:90:13:0e:6b, 2015-01-01 00:06:54.885, 12.167,
 12:13:45.564,cd:75:20:e1:ef:ef, 2015-01-01 00:06:48.780, -0.176,
 12:13:45.626,cd:75:20:e1:ef:ef, 2015-01-01 00:06:48.780, -0.412,
 12:13:45.652,fe:77:90:13:0e:6b, 2015-01-01 00:06:54.885, 11.635,
 12:13:45.712,fe:77:90:13:0e:6b, 2015-01-01 00:06:54.885, 10.602,
 12:13:45.744,cd:75:20:e1:ef:ef, 2015-01-01 00:06:48.780, -0.412,
 12:13:45.833,cd:75:20:e1:ef:ef, 2015-01-01 00:06:49.165, -0.406,
 12:13:45.861,fe:77:90:13:0e:6b, 2015-01-01 00:06:54.885, 9.399,
 12:13:45.922,fe:77:90:13:0e:6b, 2015-01-01 00:06:55.300, 7.509,
 12:13:45.955,cd:75:20:e1:ef:ef, 2015-01-01 00:06:49.165, -0.401,
 12:13:46.042,fe:77:90:13:0e:6b, 2015-01-01 00:06:55.300, 4.856,
 12:13:46.073,cd:75:20:e1:ef:ef, 2015-01-01 00:06:49.165, -0.406,
 12:13:46.163,fe:77:90:13:0e:6b, 2015-01-01 00:06:55.300, 1.994,
 12:13:46.168,cd:75:20:e1:ef:ef, 2015-01-01 00:06:49.165, -0.412,
 12:13:46.226,cd:75:20:e1:ef:ef, 2015-01-01 00:06:49.165, -0.341,
 12:13:46.252,fe:77:90:13:0e:6b, 2015-01-01 00:06:55.300, -0.835,
 12:13:46.342,fe:77:90:13:0e:6b, 2015-01-01 00:06:55.690, -3.73,
 12:13:46.344,cd:75:20:e1:ef:ef, 2015-01-01 00:06:49.580, -0.137,
 12:13:46.434,cd:75:20:e1:ef:ef, 2015-01-01 00:06:49.580, -0.143,
 12:13:46.462,fe:77:90:13:0e:6b, 2015-01-01 00:06:55.690, -6.762,
 12:13:46.523,fe:77:90:13:0e:6b, 2015-01-01 00:06:55.690, -10.102,
 12:13:46.554,cd:75:20:e1:ef:ef, 2015-01-01 00:06:49.580, -0.082,
 12:13:46.644,fe:77:90:13:0e:6b, 2015-01-01 00:06:55.690, -13.453,
 12:13:46.645,cd:75:20:e1:ef:ef, 2015-01-01 00:06:49.940, 0.033,
 12:13:46.732,fe:77:90:13:0e:6b, 2015-01-01 00:06:56.105, -16.875,
 12:13:46.764,cd:75:20:e1:ef:ef, 2015-01-01 00:06:49.940, 0.06,
 12:13:46.826,cd:75:20:e1:ef:ef, 2015-01-01 00:06:49.940, 0.044,
 12:13:46.881,fe:77:90:13:0e:6b, 2015-01-01 00:06:56.105, -20.264,
 12:13:46.942,fe:77:90:13:0e:6b, 2015-01-01 00:06:56.105, -23.483,
 12:13:46.974,cd:75:20:e1:ef:ef, 2015-01-01 00:06:49.940, -0.154,
 12:13:47.033,cd:75:20:e1:ef:ef, 2015-01-01 00:06:50.300, -0.566,
 12:13:47.062,fe:77:90:13:0e:6b, 2015-01-01 00:06:56.105, -25.763,
 12:13:47.122,fe:77:90:13:0e:6b, 2015-01-01 00:06:56.495, -27.109,
 12:13:47.154,cd:75:20:e1:ef:ef, 2015-01-01 00:06:50.300, -0.862,
 12:13:47.242,fe:77:90:13:0e:6b, 2015-01-01 00:06:56.495, -29.74,
 12:13:47.245,cd:75:20:e1:ef:ef, 2015-01-01 00:06:50.300, -0.846,
 12:13:47.332,fe:77:90:13:0e:6b, 2015-01-01 00:06:56.495, -32.031,
 12:13:47.363,cd:75:20:e1:ef:ef, 2015-01-01 00:06:50.685, -0.923,
 12:13:47.451,fe:77:90:13:0e:6b, 2015-01-01 00:06:56.880, -33.865,
 12:13:47.453,cd:75:20:e1:ef:ef, 2015-01-01 00:06:50.685, -0.956,
 12:13:47.542,fe:77:90:13:0e:6b, 2015-01-01 00:06:56.880, -35.662,
 12:13:47.604,cd:75:20:e1:ef:ef, 2015-01-01 00:06:50.685, -0.945,
 12:13:47.638,cd:75:20:e1:ef:ef, 2015-01-01 00:06:50.685, -1.011,
 12:13:47.662,fe:77:90:13:0e:6b, 2015-01-01 00:06:56.880, -36.722,
 12:13:47.723,fe:77:90:13:0e:6b, 2015-01-01 00:06:56.880, -38.084,
 12:13:47.757,cd:75:20:e1:ef:ef, 2015-01-01 00:06:50.685, -1.011,
 12:13:47.845,fe:77:90:13:0e:6b, 2015-01-01 00:06:56.880, -40.254,
 12:13:47.845,cd:75:20:e1:ef:ef, 2015-01-01 00:06:51.100, -1.016,
 12:13:47.933,fe:77:90:13:0e:6b, 2015-01-01 00:06:57.300, -41.677,
 12:13:47.964,cd:75:20:e1:ef:ef, 2015-01-01 00:06:51.100, -1.126,
 12:13:48.051,fe:77:90:13:0e:6b, 2015-01-01 00:06:57.300, -42.369,
 12:13:48.054,cd:75:20:e1:ef:ef, 2015-01-01 00:06:51.100, -1.192,
 12:13:48.142,fe:77:90:13:0e:6b, 2015-01-01 00:06:57.300, -43.687,
 12:13:48.174,cd:75:20:e1:ef:ef, 2015-01-01 00:06:51.460, -1.033,
 12:13:48.260,fe:77:90:13:0e:6b, 2015-01-01 00:06:57.685, -45.703,
 12:13:48.264,cd:75:20:e1:ef:ef, 2015-01-01 00:06:51.460, -0.829,
 12:13:48.352,fe:77:90:13:0e:6b, 2015-01-01 00:06:57.685, -46.956,
 12:13:48.384,cd:75:20:e1:ef:ef, 2015-01-01 00:06:51.460, -0.857,
 12:13:48.444,cd:75:20:e1:ef:ef, 2015-01-01 00:06:51.460, -0.945,
 12:13:48.472,fe:77:90:13:0e:6b, 2015-01-01 00:06:57.685, -47.867,
 12:13:48.532,fe:77:90:13:0e:6b, 2015-01-01 00:06:57.685, -48.279,
 12:13:48.565,cd:75:20:e1:ef:ef, 2015-01-01 00:06:51.460, -0.972,
 12:13:48.654,cd:75:20:e1:ef:ef, 2015-01-01 00:06:51.905, -0.994,
 12:13:48.655,fe:77:90:13:0e:6b, 2015-01-01 00:06:57.685, -49.779,
 12:13:48.741,fe:77:90:13:0e:6b, 2015-01-01 00:06:58.100, -49.834,
 12:13:48.774,cd:75:20:e1:ef:ef, 2015-01-01 00:06:51.905, -0.994,
 12:13:48.862,fe:77:90:13:0e:6b, 2015-01-01 00:06:58.100, -49.889,
 12:13:48.864,cd:75:20:e1:ef:ef, 2015-01-01 00:06:51.905, -1.011,
 12:13:48.955,fe:77:90:13:0e:6b, 2015-01-01 00:06:58.100, -49.818,
 12:13:48.988,cd:75:20:e1:ef:ef, 2015-01-01 00:06:51.905, -0.972,
 12:13:49.045,cd:75:20:e1:ef:ef, 2015-01-01 00:06:52.325, -0.939,
 12:13:49.072,fe:77:90:13:0e:6b, 2015-01-01 00:06:58.460, -49.642,
 12:13:49.162,fe:77:90:13:0e:6b, 2015-01-01 00:06:58.460, -49.603,
 12:13:49.194,cd:75:20:e1:ef:ef, 2015-01-01 00:06:52.325, -0.906,
 12:13:49.254,cd:75:20:e1:ef:ef, 2015-01-01 00:06:52.325, -0.972,
 12:13:49.254,fe:77:90:13:0e:6b, 2015-01-01 00:06:58.460, -49.362,
 12:13:49.343,fe:77:90:13:0e:6b, 2015-01-01 00:06:58.460, -47.587,
 12:13:49.375,cd:75:20:e1:ef:ef, 2015-01-01 00:06:52.325, -0.994,
 12:13:49.462,fe:77:90:13:0e:6b, 2015-01-01 00:06:58.815, -43.484,
 12:13:49.463,cd:75:20:e1:ef:ef, 2015-01-01 00:06:52.740, -1.011,
 12:13:49.552,fe:77:90:13:0e:6b, 2015-01-01 00:06:58.815, -38.963,
 12:13:49.586,cd:75:20:e1:ef:ef, 2015-01-01 00:06:52.740, -0.906,
 12:13:49.645,cd:75:20:e1:ef:ef, 2015-01-01 00:06:52.740, -0.621,
 12:13:49.673,fe:77:90:13:0e:6b, 2015-01-01 00:06:58.815, -33.981,
 12:13:49.763,fe:77:90:13:0e:6b, 2015-01-01 00:06:58.815, -28.548,
 12:13:49.795,cd:75:20:e1:ef:ef, 2015-01-01 00:06:52.740, -0.374,
 12:13:49.854,cd:75:20:e1:ef:ef, 2015-01-01 00:06:53.100, -0.082,
 12:13:49.911,fe:77:90:13:0e:6b, 2015-01-01 00:06:59.205, -23.302,
 12:13:49.942,fe:77:90:13:0e:6b, 2015-01-01 00:06:59.205, -17.21,
 12:13:49.973,cd:75:20:e1:ef:ef, 2015-01-01 00:06:53.100, -0.209,
 12:13:50.063,fe:77:90:13:0e:6b, 2015-01-01 00:06:59.205, -11.08,
 12:13:50.064,cd:75:20:e1:ef:ef, 2015-01-01 00:06:53.100, -0.379,
 12:13:50.151,fe:77:90:13:0e:6b, 2015-01-01 00:06:59.560, -6.746,
 12:13:50.185,cd:75:20:e1:ef:ef, 2015-01-01 00:06:53.485, -0.39,
 12:13:50.272,fe:77:90:13:0e:6b, 2015-01-01 00:06:59.560, -3.587,
 12:13:50.274,cd:75:20:e1:ef:ef, 2015-01-01 00:06:53.485, -0.346,
 12:13:50.362,fe:77:90:13:0e:6b, 2015-01-01 00:06:59.560, -0.753,
 12:13:50.394,cd:75:20:e1:ef:ef, 2015-01-01 00:06:53.485, -0.335,
 12:13:50.453,cd:75:20:e1:ef:ef, 2015-01-01 00:06:53.485, -0.264,
 12:13:50.483,fe:77:90:13:0e:6b, 2015-01-01 00:06:59.560, 1.994,
 12:13:50.541,fe:77:90:13:0e:6b, 2015-01-01 00:06:59.950, 4.609,
 12:13:50.575,cd:75:20:e1:ef:ef, 2015-01-01 00:06:53.485, -0.275,
 12:13:50.664,cd:75:20:e1:ef:ef, 2015-01-01 00:06:53.900, -0.214,
 12:13:50.692,fe:77:90:13:0e:6b, 2015-01-01 00:06:59.950, 6.823,
 12:13:50.753,fe:77:90:13:0e:6b, 2015-01-01 00:06:59.950, 8.619,
 12:13:50.784,cd:75:20:e1:ef:ef, 2015-01-01 00:06:53.900, -0.132,
 12:13:50.873,fe:77:90:13:0e:6b, 2015-01-01 00:06:59.950, 10.432,
 12:13:50.874,cd:75:20:e1:ef:ef, 2015-01-01 00:06:53.900, -0.132,
 12:13:50.961,fe:77:90:13:0e:6b, 2015-01-01 00:07:00.305, 11.959,
 12:13:50.994,cd:75:20:e1:ef:ef, 2015-01-01 00:06:54.260, -0.11,
 12:13:51.083,cd:75:20:e1:ef:ef, 2015-01-01 00:06:54.260, -0.022,
 12:13:51.112,fe:77:90:13:0e:6b, 2015-01-01 00:07:00.305, 12.7,
 12:13:51.171,fe:77:90:13:0e:6b, 2015-01-01 00:07:00.305, 12.969,
 12:13:51.204,cd:75:20:e1:ef:ef, 2015-01-01 00:06:54.260, -0.005,
 12:13:51.292,fe:77:90:13:0e:6b, 2015-01-01 00:07:00.305, 12.629,
 12:13:51.297,cd:75:20:e1:ef:ef, 2015-01-01 00:06:54.260, -0.033,
 12:13:51.352,fe:77:90:13:0e:6b, 2015-01-01 00:07:00.755, 12.964,
 12:13:51.384,cd:75:20:e1:ef:ef, 2015-01-01 00:06:54.585, -0.258,
 12:13:51.471,fe:77:90:13:0e:6b, 2015-01-01 00:07:00.755, 12.068,
 12:13:51.474,cd:75:20:e1:ef:ef, 2015-01-01 00:06:54.585, -0.286,
 12:13:51.562,fe:77:90:13:0e:6b, 2015-01-01 00:07:00.755, 11.843,
 12:13:51.595,cd:75:20:e1:ef:ef, 2015-01-01 00:06:54.585, -0.28,
 12:13:51.683,fe:77:90:13:0e:6b, 2015-01-01 00:07:01.080, 11.805,
 12:13:51.684,cd:75:20:e1:ef:ef, 2015-01-01 00:06:54.945, -0.269,
 12:13:51.772,fe:77:90:13:0e:6b, 2015-01-01 00:07:01.080, 11.761,
 12:13:51.806,cd:75:20:e1:ef:ef, 2015-01-01 00:06:54.945, -0.324,
 12:13:51.865,cd:75:20:e1:ef:ef, 2015-01-01 00:06:54.945, -0.302,
 12:13:51.894,fe:77:90:13:0e:6b, 2015-01-01 00:07:01.080, 11.508,
 12:13:51.954,fe:77:90:13:0e:6b, 2015-01-01 00:07:01.080, 11.431,
 12:13:51.984,cd:75:20:e1:ef:ef, 2015-01-01 00:06:54.945, -0.291,
 12:13:52.072,fe:77:90:13:0e:6b, 2015-01-01 00:07:01.080, 11.404,
 12:13:52.073,cd:75:20:e1:ef:ef, 2015-01-01 00:06:55.300, -0.28,
 12:13:52.161,fe:77:90:13:0e:6b, 2015-01-01 00:07:01.500, 11.382,
 12:13:52.193,cd:75:20:e1:ef:ef, 2015-01-01 00:06:55.300, -0.275,
 12:13:52.285,cd:75:20:e1:ef:ef, 2015-01-01 00:06:55.300, -0.275,
 12:13:52.311,fe:77:90:13:0e:6b, 2015-01-01 00:07:01.500, 10.783,
 12:13:52.372,fe:77:90:13:0e:6b, 2015-01-01 00:07:01.500, 9.432,
 12:13:52.403,cd:75:20:e1:ef:ef, 2015-01-01 00:06:55.660, -0.28,
 12:13:52.492,fe:77:90:13:0e:6b, 2015-01-01 00:07:01.500, 7.526,
 12:13:52.493,cd:75:20:e1:ef:ef, 2015-01-01 00:06:55.660, -0.28,
 12:13:52.581,fe:77:90:13:0e:6b, 2015-01-01 00:07:01.945, 4.779,
 12:13:52.614,cd:75:20:e1:ef:ef, 2015-01-01 00:06:55.660, -0.269,
 12:13:52.674,cd:75:20:e1:ef:ef, 2015-01-01 00:06:55.660, -0.176,
 12:13:52.701,fe:77:90:13:0e:6b, 2015-01-01 00:07:01.945, 1.148,
 12:13:52.762,fe:77:90:13:0e:6b, 2015-01-01 00:07:01.945, -2.274,
 12:13:52.794,cd:75:20:e1:ef:ef, 2015-01-01 00:06:55.660, -0.159,
 12:13:52.881,fe:77:90:13:0e:6b, 2015-01-01 00:07:01.945, -5.142,
 12:13:52.885,cd:75:20:e1:ef:ef, 2015-01-01 00:06:56.105, -0.066,
 12:13:52.972,fe:77:90:13:0e:6b, 2015-01-01 00:07:02.305, -8.113,
 12:13:53.004,cd:75:20:e1:ef:ef, 2015-01-01 00:06:56.105, -0.055,
 12:13:53.091,fe:77:90:13:0e:6b, 2015-01-01 00:07:02.305, -11.058,
 12:13:53.095,cd:75:20:e1:ef:ef, 2015-01-01 00:06:56.105, -0.055,
 12:13:53.182,fe:77:90:13:0e:6b, 2015-01-01 00:07:02.305, -14.233,
 12:13:53.244,cd:75:20:e1:ef:ef, 2015-01-01 00:06:56.465, -0.137,
 12:13:53.274,cd:75:20:e1:ef:ef, 2015-01-01 00:06:56.465, -0.176,
 12:13:53.302,fe:77:90:13:0e:6b, 2015-01-01 00:07:02.660, -17.161,
 12:13:53.391,fe:77:90:13:0e:6b, 2015-01-01 00:07:02.660, -19.764,
 12:13:53.394,cd:75:20:e1:ef:ef, 2015-01-01 00:06:56.465, -0.176,
 12:13:53.484,cd:75:20:e1:ef:ef, 2015-01-01 00:06:56.465, -0.181,
 12:13:53.511,fe:77:90:13:0e:6b, 2015-01-01 00:07:02.660, -22.044,
 12:13:53.572,fe:77:90:13:0e:6b, 2015-01-01 00:07:02.660, -24.214,
 12:13:53.604,cd:75:20:e1:ef:ef, 2015-01-01 00:06:56.465, -0.192,
 12:13:53.692,fe:77:90:13:0e:6b, 2015-01-01 00:07:02.660, -26.164,
 12:13:53.754,cd:75:20:e1:ef:ef, 2015-01-01 00:06:56.910, -0.198,
 12:13:53.781,fe:77:90:13:0e:6b, 2015-01-01 00:07:03.105, -27.905,
 12:13:53.814,cd:75:20:e1:ef:ef, 2015-01-01 00:06:56.910, -0.203,
 12:13:53.875,cd:75:20:e1:ef:ef, 2015-01-01 00:06:56.910, -0.264,
 12:13:53.900,fe:77:90:13:0e:6b, 2015-01-01 00:07:03.105, -29.828,
 12:13:53.992,fe:77:90:13:0e:6b, 2015-01-01 00:07:03.105, -32.047,
 12:13:54.025,cd:75:20:e1:ef:ef, 2015-01-01 00:06:57.240, -0.324,
 12:13:54.085,cd:75:20:e1:ef:ef, 2015-01-01 00:06:57.240, -0.412,
 12:13:54.112,fe:77:90:13:0e:6b, 2015-01-01 00:07:03.465, -34.288,
 12:13:54.172,fe:77:90:13:0e:6b, 2015-01-01 00:07:03.465, -36.161,
 12:13:54.205,cd:75:20:e1:ef:ef, 2015-01-01 00:06:57.240, -0.566,
 12:13:54.291,fe:77:90:13:0e:6b, 2015-01-01 00:07:03.465, -37.875,
 12:13:54.294,cd:75:20:e1:ef:ef, 2015-01-01 00:06:57.240, -0.67,
 12:13:54.382,fe:77:90:13:0e:6b, 2015-01-01 00:07:03.465, -39.485,
 12:13:54.414,cd:75:20:e1:ef:ef, 2015-01-01 00:06:57.625, -0.681,
 12:13:54.502,fe:77:90:13:0e:6b, 2015-01-01 00:07:03.880, -40.798,
 12:13:54.504,cd:75:20:e1:ef:ef, 2015-01-01 00:06:57.625, -0.698,
 12:13:54.591,fe:77:90:13:0e:6b, 2015-01-01 00:07:03.880, -42.144,
 12:13:54.623,cd:75:20:e1:ef:ef, 2015-01-01 00:06:57.625, -0.742,
 12:13:54.684,cd:75:20:e1:ef:ef, 2015-01-01 00:06:57.625, -0.829,
 12:13:54.713,fe:77:90:13:0e:6b, 2015-01-01 00:07:03.880, -43.748,
 12:13:54.771,fe:77:90:13:0e:6b, 2015-01-01 00:07:03.880, -45.187,
 12:13:54.805,cd:75:20:e1:ef:ef, 2015-01-01 00:06:57.985, -0.928,
 12:13:54.893,fe:77:90:13:0e:6b, 2015-01-01 00:07:03.880, -46.978,
 12:13:54.894,cd:75:20:e1:ef:ef, 2015-01-01 00:06:57.985, -1.126,
 12:13:54.981,fe:77:90:13:0e:6b, 2015-01-01 00:07:04.300, -49.158,
 12:13:55.015,cd:75:20:e1:ef:ef, 2015-01-01 00:06:57.985, -1.423,
 12:13:55.101,fe:77:90:13:0e:6b, 2015-01-01 00:07:04.300, -51.378,
 12:13:55.105,cd:75:20:e1:ef:ef, 2015-01-01 00:06:57.985, -1.719,
 12:13:55.192,fe:77:90:13:0e:6b, 2015-01-01 00:07:04.300, -53.256,
 12:13:55.224,cd:75:20:e1:ef:ef, 2015-01-01 00:06:58.340, -1.917,
 12:13:55.311,fe:77:90:13:0e:6b, 2015-01-01 00:07:04.685, -55.184,
 12:13:55.314,cd:75:20:e1:ef:ef, 2015-01-01 00:06:58.340, -2.06,
 12:13:55.402,fe:77:90:13:0e:6b, 2015-01-01 00:07:04.685, -56.959,
 12:13:55.434,cd:75:20:e1:ef:ef, 2015-01-01 00:06:58.340, -2.071,
 12:13:55.496,cd:75:20:e1:ef:ef, 2015-01-01 00:06:58.340, -2.054,
 12:13:55.522,fe:77:90:13:0e:6b, 2015-01-01 00:07:04.685, -57.211,
 12:13:55.582,fe:77:90:13:0e:6b, 2015-01-01 00:07:04.685, -56.805,
 12:13:55.644,cd:75:20:e1:ef:ef, 2015-01-01 00:06:58.785, -2.093,
 12:13:55.702,fe:77:90:13:0e:6b, 2015-01-01 00:07:04.685, -58.074,
 12:13:55.704,cd:75:20:e1:ef:ef, 2015-01-01 00:06:58.785, -2.109,
 12:13:55.791,fe:77:90:13:0e:6b, 2015-01-01 00:07:05.105, -57.673,
 12:13:55.824,cd:75:20:e1:ef:ef, 2015-01-01 00:06:58.785, -1.978,
 12:13:55.911,fe:77:90:13:0e:6b, 2015-01-01 00:07:05.105, -56.942,
 12:13:55.914,cd:75:20:e1:ef:ef, 2015-01-01 00:06:59.145, -1.868,
 12:13:56.003,fe:77:90:13:0e:6b, 2015-01-01 00:07:05.105, -55.953,
 12:13:56.033,cd:75:20:e1:ef:ef, 2015-01-01 00:06:59.145, -1.873,
 12:13:56.093,cd:75:20:e1:ef:ef, 2015-01-01 00:06:59.145, -1.879,
 12:13:56.120,fe:77:90:13:0e:6b, 2015-01-01 00:07:05.460, -54.624,
 12:13:56.211,fe:77:90:13:0e:6b, 2015-01-01 00:07:05.460, -51.389,
 12:13:56.214,cd:75:20:e1:ef:ef, 2015-01-01 00:06:59.145, -1.686,
 12:13:56.302,fe:77:90:13:0e:6b, 2015-01-01 00:07:05.460, -48.203,
 12:13:56.303,cd:75:20:e1:ef:ef, 2015-01-01 00:06:59.500, -1.39,
 12:13:56.392,fe:77:90:13:0e:6b, 2015-01-01 00:07:05.460, -44.236,
 12:13:56.424,cd:75:20:e1:ef:ef, 2015-01-01 00:06:59.500, -1.044,
 12:13:56.511,fe:77:90:13:0e:6b, 2015-01-01 00:07:05.820, -39.073,
 12:13:56.514,cd:75:20:e1:ef:ef, 2015-01-01 00:06:59.500, -0.791,
 12:13:56.601,fe:77:90:13:0e:6b, 2015-01-01 00:07:05.820, -33.92,
 12:13:56.634,cd:75:20:e1:ef:ef, 2015-01-01 00:06:59.860, -0.417,
 12:13:56.722,fe:77:90:13:0e:6b, 2015-01-01 00:07:05.820, -29.163,
 12:13:56.724,cd:75:20:e1:ef:ef, 2015-01-01 00:06:59.860, 0.038,
 12:13:56.811,fe:77:90:13:0e:6b, 2015-01-01 00:07:05.820, -24.077,
 12:13:56.845,cd:75:20:e1:ef:ef, 2015-01-01 00:06:59.860, 0.302,
 12:13:56.931,fe:77:90:13:0e:6b, 2015-01-01 00:07:06.235, -19.396,
 12:13:56.933,cd:75:20:e1:ef:ef, 2015-01-01 00:06:59.860, 0.341,
 12:13:56.991,fe:77:90:13:0e:6b, 2015-01-01 00:07:06.235, -14.035,
 12:13:57.083,cd:75:20:e1:ef:ef, 2015-01-01 00:07:00.275, 0.044,
 12:13:57.112,fe:77:90:13:0e:6b, 2015-01-01 00:07:06.235, -7.921,
 12:13:57.113,cd:75:20:e1:ef:ef, 2015-01-01 00:07:00.275, -0.286,
 12:13:57.202,fe:77:90:13:0e:6b, 2015-01-01 00:07:06.235, -2.977,
 12:13:57.234,cd:75:20:e1:ef:ef, 2015-01-01 00:07:00.275, -0.417,
